Time,Heat value
10/10/21 0:00,2441.4956
10/10/21 0:05,2428.0928
10/10/21 0:10,2412.2153
10/10/21 0:15,2460.7307
10/10/21 0:20,2573.2942
10/10/21 0:25,2620.6743
10/10/21 0:30,2613.4104
10/10/21 0:35,2609.2324
10/10/21 0:40,2598.6074
10/10/21 0:45,2627.6094
10/10/21 0:50,2638.5298
10/10/21 0:55,2569.8545
10/10/21 1:00,2510.9795
10/10/21 1:05,2455.2832
10/10/21 1:10,2389.649
10/10/21 1:15,2350.8062
10/10/21 1:20,2359.045
10/10/21 1:25,2334.6838
10/10/21 1:30,2277.721
10/10/21 1:35,2233.891
10/10/21 1:40,2186.6826
10/10/21 1:45,2194.0015
10/10/21 1:50,2255.517
10/10/21 1:55,2314.3066
10/10/21 2:00,2314.3206
10/10/21 2:05,2304.9446
10/10/21 2:10,2292.2637
10/10/21 2:15,2286.102
10/10/21 2:20,2315.534
10/10/21 2:25,2340.0664
10/10/21 2:30,2316.3154
10/10/21 2:35,2284.216
10/10/21 2:40,2238.7866
10/10/21 2:45,2195.0688
10/10/21 2:50,2153.3943
10/10/21 2:55,2141.657
10/10/21 3:00,2171.3547
10/10/21 3:05,2194.631
10/10/21 3:10,2223.0793
10/10/21 3:15,2247.6401
10/10/21 3:20,2293.8474
10/10/21 3:25,2282.451
10/10/21 3:30,2230.4895
10/10/21 3:35,2181.3606
10/10/21 3:40,2137.7578
10/10/21 3:45,2140.1274
10/10/21 3:50,2195.1506
10/10/21 3:55,2155.3013
10/10/21 4:00,2115.4285
10/10/21 4:05,2073.6611
10/10/21 4:10,2084.6396
10/10/21 4:15,2104.005
10/10/21 4:20,2115.999
10/10/21 4:25,2126.4312
10/10/21 4:30,2182.0493
10/10/21 4:35,2237.2834
10/10/21 4:40,2222.9304
10/10/21 4:45,2197.2183
10/10/21 4:50,2173.5112
10/10/21 4:55,2145.698
10/10/21 5:00,2178.5732
10/10/21 5:05,2284.1816
10/10/21 5:10,2382.8145
10/10/21 5:15,2426.7444
10/10/21 5:20,2426.2034
10/10/21 5:25,2426.5823
10/10/21 5:30,2429.0815
10/10/21 5:35,2438.0266
10/10/21 5:40,2442.3542
10/10/21 5:45,2457.3674
10/10/21 5:50,2482.9888
10/10/21 5:55,2441.3691
10/10/21 6:00,2389.4841
10/10/21 6:05,2336.4917
10/10/21 6:10,2287.349
10/10/21 6:15,2271.3071
10/10/21 6:20,2320.5134
10/10/21 6:25,2365.7095
10/10/21 6:30,2412.982
10/10/21 6:35,2442.3728
10/10/21 6:40,2391.2366
10/10/21 6:45,2337.3687
10/10/21 6:50,2292.5098
10/10/21 6:55,2346.2935
10/10/21 7:00,2390.5457
10/10/21 7:05,2431.6377
10/10/21 7:10,2465.0947
10/10/21 7:15,2534.3108
10/10/21 7:20,2633.9014
10/10/21 7:25,2588.9624
10/10/21 7:30,2528.4038
10/10/21 7:35,2451.6272
10/10/21 7:40,2428.9773
10/10/21 7:45,2431.3362
10/10/21 7:50,2435.9763
10/10/21 7:55,2412.7112
10/10/21 8:00,2387.445
10/10/21 8:05,2368.6604
10/10/21 8:10,2345.1492
10/10/21 8:15,2327.5789
10/10/21 8:20,2308.4666
10/10/21 8:25,2466.5684
10/10/21 8:30,2458.5745
10/10/21 8:35,2399.435
10/10/21 8:40,2347.2734
10/10/21 8:45,2299.8665
10/10/21 8:50,2256.0251
10/10/21 8:55,2212.2654
10/10/21 9:00,2268.8452
10/10/21 9:05,2318.5244
10/10/21 9:10,2363.06
10/10/21 9:15,2414.1384
10/10/21 9:20,2471.7795
10/10/21 9:25,2546.2705
10/10/21 9:30,2667.437
10/10/21 9:35,2783.6936
10/10/21 9:40,2891.9792
10/10/21 9:45,2995.3745
10/10/21 9:50,3172.0974
10/10/21 9:55,3208.575
10/10/21 10:00,3116.3735
10/10/21 10:05,3020.7158
10/10/21 10:10,2921.8901
10/10/21 10:15,2838.5571
10/10/21 10:20,2760.9963
10/10/21 10:25,2687.005
10/10/21 10:30,2615.9746
10/10/21 10:35,2545.926
10/10/21 10:40,2479.169
10/10/21 10:45,2417.0378
10/10/21 10:50,2645.0537
10/10/21 10:55,2720.3838
10/10/21 11:00,2647.652
10/10/21 11:05,2571.1035
10/10/21 11:10,2506.3875
10/10/21 11:15,2442.672
10/10/21 11:20,2383.667
10/10/21 11:25,2354.1367
10/10/21 11:30,2425.8076
10/10/21 11:35,2370.761
10/10/21 11:40,2323.3005
10/10/21 11:45,2270.8564
10/10/21 11:50,2223.889
10/10/21 11:55,2172.7075
10/10/21 12:00,2220.81
10/10/21 12:05,2196.2983
10/10/21 12:10,2150.1958
10/10/21 12:15,2108.1938
10/10/21 12:20,2088.3904
10/10/21 12:25,2127.1099
10/10/21 12:30,2165.9534
10/10/21 12:35,2208.7036
10/10/21 12:40,2246.2751
10/10/21 12:45,2320.6318
10/10/21 12:50,2289.9636
10/10/21 12:55,2240.305
10/10/21 13:00,2191.401
10/10/21 13:05,2149.551
10/10/21 13:10,2106.055
10/10/21 13:15,2067.6243
10/10/21 13:20,2030.282
10/10/21 13:25,2108.933
10/10/21 13:30,2252.3167
10/10/21 13:35,2397.6938
10/10/21 13:40,2490.5664
10/10/21 13:45,2479.0054
10/10/21 13:50,2475.241
10/10/21 13:55,2453.7212
10/10/21 14:00,2400.912
10/10/21 14:05,2347.6377
10/10/21 14:10,2294.004
10/10/21 14:15,2253.2847
10/10/21 14:20,2205.0347
10/10/21 14:25,2222.9395
10/10/21 14:30,2377.6812
10/10/21 14:35,2506.1948
10/10/21 14:40,2621.462
10/10/21 14:45,2697.2302
10/10/21 14:50,2649.2268
10/10/21 14:55,2579.0112
10/10/21 15:00,2515.8442
10/10/21 15:05,2458.4905
10/10/21 15:10,2404.267
10/10/21 15:15,2358.0598
10/10/21 15:20,2309.1008
10/10/21 15:25,2257.5984
10/10/21 15:30,2215.1248
10/10/21 15:35,2286.7217
10/10/21 15:40,2351.0723
10/10/21 15:45,2298.4724
10/10/21 15:50,2249.611
10/10/21 15:55,2198.2703
10/10/21 16:00,2149.848
10/10/21 16:05,2105.6743
10/10/21 16:10,2068.8242
10/10/21 16:15,2027.9653
10/10/21 16:20,1998.5372
10/10/21 16:25,1964.0298
10/10/21 16:30,1931.4327
10/10/21 16:35,1991.2642
10/10/21 16:40,2169.9915
10/10/21 16:45,2126.4607
10/10/21 16:50,2085.7463
10/10/21 16:55,2046.1222
10/10/21 17:00,2011.3208
10/10/21 17:05,1971.292
10/10/21 17:10,1939.7441
10/10/21 17:15,1908.923
10/10/21 17:20,2024.1853
10/10/21 17:25,2154.5034
10/10/21 17:30,2191.135
10/10/21 17:35,2172.0889
10/10/21 17:40,2149.3037
10/10/21 17:45,2117.4792
10/10/21 17:50,2086.7139
10/10/21 17:55,2059.249
10/10/21 18:00,2090.4912
10/10/21 18:05,2128.4954
10/10/21 18:10,2159.301
10/10/21 18:15,2207.4653
10/10/21 18:20,2289.212
10/10/21 18:25,2339.6929
10/10/21 18:30,2297.4822
10/10/21 18:35,2256.2825
10/10/21 18:40,2245.9536
10/10/21 18:45,2306.3105
10/10/21 18:50,2358.6428
10/10/21 18:55,2393.9731
10/10/21 19:00,2384.942
10/10/21 19:05,2382.684
10/10/21 19:10,2379.29
10/10/21 19:15,2395.353
10/10/21 19:20,2429.7007
10/10/21 19:25,2457.351
10/10/21 19:30,2471.4956
10/10/21 19:35,2461.999
10/10/21 19:40,2399.6973
10/10/21 19:45,2336.5786
10/10/21 19:50,2327.0774
10/10/21 19:55,2325.7383
10/10/21 20:00,2327.2048
10/10/21 20:05,2328.3796
10/10/21 20:10,2332.8398
10/10/21 20:15,2366.2944
10/10/21 20:20,2424.5972
10/10/21 20:25,2366.6091
10/10/21 20:30,2305.1516
10/10/21 20:35,2276.9614
10/10/21 20:40,2267.098
10/10/21 20:45,2252.493
10/10/21 20:50,2228
10/10/21 20:55,2202.3352
10/10/21 21:00,2176.2456
10/10/21 21:05,2154.0823
10/10/21 21:10,2230.3945
10/10/21 21:15,2315.2498
10/10/21 21:20,2383.539
10/10/21 21:25,2425.2158
10/10/21 21:30,2435.5115
10/10/21 21:35,2448.0444
10/10/21 21:40,2454.3276
10/10/21 21:45,2449.8528
10/10/21 21:50,2392.1611
10/10/21 21:55,2335.724
10/10/21 22:00,2286.522
10/10/21 22:05,2286.0808
10/10/21 22:10,2321.594
10/10/21 22:15,2355.8652
10/10/21 22:20,2351.532
10/10/21 22:25,2342.6714
10/10/21 22:30,2333.8816
10/10/21 22:35,2322.4927
10/10/21 22:40,2316.3733
10/10/21 22:45,2294.4958
10/10/21 22:50,2270.6143
10/10/21 22:55,2247.1787
10/10/21 23:00,2222.4849
10/10/21 23:05,2242.1392
10/10/21 23:10,2293.5027
10/10/21 23:15,2335.9995
10/10/21 23:20,2370.2493
10/10/21 23:25,2407.2908
10/10/21 23:30,2455.4807
10/10/21 23:35,2469.7532
10/10/21 23:40,2409.5928
10/10/21 23:45,2354.5208
10/10/21 23:50,2309.1533
10/10/21 23:55,2306.848
10/11/21 0:00,2305.224
10/11/21 0:05,2302.2375
10/11/21 0:10,2313.4417
10/11/21 0:15,2331.649
10/11/21 0:20,2346.2275
10/11/21 0:25,2355.9377
10/11/21 0:30,2359.5813
10/11/21 0:35,2390.169
10/11/21 0:40,2357.798
10/11/21 0:45,2303.8245
10/11/21 0:50,2255.854
10/11/21 0:55,2202.9358
10/11/21 1:00,2156.663
10/11/21 1:05,2115.1565
10/11/21 1:10,2156.0146
10/11/21 1:15,2244.8882
10/11/21 1:20,2259.1328
10/11/21 1:25,2218.3206
10/11/21 1:30,2178.51
10/11/21 1:35,2140.916
10/11/21 1:40,2146.4756
10/11/21 1:45,2179.0906
10/11/21 1:50,2195.123
10/11/21 1:55,2201.8032
10/11/21 2:00,2210.0154
10/11/21 2:05,2204.0068
10/11/21 2:10,2192.9214
10/11/21 2:15,2187.0327
10/11/21 2:20,2192.4365
10/11/21 2:25,2197.9272
10/11/21 2:30,2203.94
10/11/21 2:35,2213.4363
10/11/21 2:40,2219.0718
10/11/21 2:45,2209.0466
10/11/21 2:50,2181.8235
10/11/21 2:55,2160.9653
10/11/21 3:00,2134.8066
10/11/21 3:05,2108.981
10/11/21 3:10,2087.3223
10/11/21 3:15,2074.932
10/11/21 3:20,2217.5938
10/11/21 3:25,2355.5767
10/11/21 3:30,2310.6514
10/11/21 3:35,2275.6575
10/11/21 3:40,2244.2532
10/11/21 3:45,2236.5647
10/11/21 3:50,2229.5002
10/11/21 3:55,2223.572
10/11/21 4:00,2226.9507
10/11/21 4:05,2234.4768
10/11/21 4:10,2238.4297
10/11/21 4:15,2260.867
10/11/21 4:20,2257.05
10/11/21 4:25,2209.0981
10/11/21 4:30,2166.1567
10/11/21 4:35,2123.328
10/11/21 4:40,2083.287
10/11/21 4:45,2057.096
10/11/21 4:50,2213.6848
10/11/21 4:55,2348.7017
10/11/21 5:00,2380.217
10/11/21 5:05,2343.3357
10/11/21 5:10,2294.2537
10/11/21 5:15,2237.8645
10/11/21 5:20,2189.5469
10/11/21 5:25,2201.943
10/11/21 5:30,2221.3901
10/11/21 5:35,2238.862
10/11/21 5:40,2260.8474
10/11/21 5:45,2282.1482
10/11/21 5:50,2299.6567
10/11/21 5:55,2325.0842
10/11/21 6:00,2351.929
10/11/21 6:05,2378.8008
10/11/21 6:10,2398.489
10/11/21 6:15,2414.2068
10/11/21 6:20,2432.92
10/11/21 6:25,2450.0642
10/11/21 6:30,2463.552
10/11/21 6:35,2470.586
10/11/21 6:40,2479.388
10/11/21 6:45,2490.6804
10/11/21 6:50,2630.0913
10/11/21 6:55,2560.3662
10/11/21 7:00,2490.3264
10/11/21 7:05,2429.955
10/11/21 7:10,2378.1863
10/11/21 7:15,2324.9968
10/11/21 7:20,2274.2034
10/11/21 7:25,2306.1592
10/11/21 7:30,2405.8027
10/11/21 7:35,2356.167
10/11/21 7:40,2304.0884
10/11/21 7:45,2254.8486
10/11/21 7:50,2203.1826
10/11/21 7:55,2214.188
10/11/21 8:00,2220.577
10/11/21 8:05,2224.4197
10/11/21 8:10,2226.8035
10/11/21 8:15,2265.727
10/11/21 8:20,2332.535
10/11/21 8:25,2381.3235
10/11/21 8:30,2398.382
10/11/21 8:35,2388.9907
10/11/21 8:40,2381.3608
10/11/21 8:45,2370.1482
10/11/21 8:50,2358.7083
10/11/21 8:55,2346.8733
10/11/21 9:00,2351.082
10/11/21 9:05,2412.6877
10/11/21 9:10,2470.3718
10/11/21 9:15,2526.1328
10/11/21 9:20,2528.0383
10/11/21 9:25,2487.976
10/11/21 9:30,2426.1729
10/11/21 9:35,2361.2307
10/11/21 9:40,2327.0457
10/11/21 9:45,2330.82
10/11/21 9:50,2327.0015
10/11/21 9:55,2297.076
10/11/21 10:00,2298.7185
10/11/21 10:05,2309.3967
10/11/21 10:10,2321.986
10/11/21 10:15,2346.654
10/11/21 10:20,2380.2178
10/11/21 10:25,2409.734
10/11/21 10:30,2436.9456
10/11/21 10:35,2445.0547
10/11/21 10:40,2453.229
10/11/21 10:45,2457.852
10/11/21 10:50,2459.0593
10/11/21 10:55,2444.9504
10/11/21 11:00,2402.5718
10/11/21 11:05,2365.3105
10/11/21 11:10,2339.352
10/11/21 11:15,2356.8015
10/11/21 11:20,2376.2327
10/11/21 11:25,2392.2773
10/11/21 11:30,2421.1003
10/11/21 11:35,2456.5342
10/11/21 11:40,2468.958
10/11/21 11:45,2431.8054
10/11/21 11:50,2397.2695
10/11/21 11:55,2364.2666
10/11/21 12:00,2361.4734
10/11/21 12:05,2359.865
10/11/21 12:10,2357.093
10/11/21 12:15,2363.5427
10/11/21 12:20,2387.1912
10/11/21 12:25,2350.3142
10/11/21 12:30,2299.391
10/11/21 12:35,2257.1306
10/11/21 12:40,2212.4822
10/11/21 12:45,2262.585
10/11/21 12:50,2344.8474
10/11/21 12:55,2415.8152
10/11/21 13:00,2473.0715
10/11/21 13:05,2504.8022
10/11/21 13:10,2545.8677
10/11/21 13:15,2573.672
10/11/21 13:20,2630.887
10/11/21 13:25,2673.305
10/11/21 13:30,2764.7368
10/11/21 13:35,3241.3533
10/11/21 13:40,3818.864
10/11/21 13:45,3844.1584
10/11/21 13:50,3769.5266
10/11/21 13:55,3699.7205
10/11/21 14:00,3754.732
10/11/21 14:05,3889.3254
10/11/21 14:20,3999.8928
10/11/21 14:25,3932.664
10/11/21 14:30,3852.178
10/11/21 14:35,3757.7224
10/11/21 14:40,3644.709
10/11/21 14:45,3519.1548
10/11/21 14:50,3389.9834
10/11/21 14:55,3292.526
10/11/21 15:00,3284.1943
10/11/21 15:05,3278.7505
10/11/21 15:10,3239.7556
10/11/21 15:15,3175.7231
10/11/21 15:20,3110.409
10/11/21 15:25,3079.6392
10/11/21 15:30,3061.729
10/11/21 15:35,3047.735
10/11/21 15:40,3031.3652
10/11/21 15:45,3009.4019
10/11/21 15:50,2984.4983
10/11/21 15:55,2981.4712
10/11/21 16:00,2987.065
10/11/21 16:05,2988.0596
10/11/21 16:10,2936.6812
10/11/21 16:15,2888.6282
10/11/21 16:20,2846.2993
10/11/21 16:25,2802.2307
10/11/21 16:30,2791.2805
10/11/21 16:35,2837.156
10/11/21 16:40,2872.1387
10/11/21 16:45,2904.8813
10/11/21 16:50,2920.697
10/11/21 16:55,2857.1265
10/11/21 17:00,2778.2034
10/11/21 17:05,2705.3274
10/11/21 17:10,2670.5242
10/11/21 17:15,2659.0913
10/11/21 17:20,2639.935
10/11/21 17:25,2590.733
10/11/21 17:30,2543.275
10/11/21 17:35,2485.8677
10/11/21 17:40,2422.6467
10/11/21 17:45,2369.064
10/11/21 17:50,2327.2285
10/11/21 17:55,2296.307
10/11/21 18:00,2262.0461
10/11/21 18:05,2232.1855
10/11/21 18:10,2200.9028
10/11/21 18:15,2274.62
10/11/21 18:20,2399.3164
10/11/21 18:25,2396.8975
10/11/21 18:30,2359.664
10/11/21 18:35,2319.1763
10/11/21 18:40,2279.814
10/11/21 18:45,2243.6973
10/11/21 18:50,2208.2976
10/11/21 18:55,2236.9688
10/11/21 19:00,2259.2766
10/11/21 19:05,2281.0913
10/11/21 19:10,2308.874
10/11/21 19:15,2362.5767
10/11/21 19:20,2410.7883
10/11/21 19:25,2459.3142
10/11/21 19:30,2489.9778
10/11/21 19:35,2505.48
10/11/21 19:40,2514.0225
10/11/21 19:45,2473.0044
10/11/21 19:50,2439.6338
10/11/21 19:55,2395.059
10/11/21 20:00,2347.2834
10/11/21 20:05,2301.0183
10/11/21 20:10,2311.2876
10/11/21 20:15,2266.3538
10/11/21 20:20,2219.7922
10/11/21 20:25,2201.868
10/11/21 20:30,2203.896
10/11/21 20:35,2205.4446
10/11/21 20:40,2210.1697
10/11/21 20:45,2212.9045
10/11/21 20:50,2217.6057
10/11/21 20:55,2224.3245
10/11/21 21:00,2253.5674
10/11/21 21:05,2302.0217
10/11/21 21:10,2310.0989
10/11/21 21:15,2276.1653
10/11/21 21:20,2231.352
10/11/21 21:25,2190.5457
10/11/21 21:30,2149.1155
10/11/21 21:35,2108.5764
10/11/21 21:40,2068.7288
10/11/21 21:45,2136.674
10/11/21 21:50,2297.0818
10/11/21 21:55,2427.01
10/11/21 22:00,2541.9126
10/11/21 22:05,2567.522
10/11/21 22:10,2590.795
10/11/21 22:15,2605.7292
10/11/21 22:20,2584.0237
10/11/21 22:25,2561.8567
10/11/21 22:30,2541.3796
10/11/21 22:35,2542.7554
10/11/21 22:40,2579.2812
10/11/21 22:45,2611.2886
10/11/21 22:50,2623.7358
10/11/21 22:55,2598.7336
10/11/21 23:00,2530.6257
10/11/21 23:05,2466.5798
10/11/21 23:10,2443.2744
10/11/21 23:15,2417.106
10/11/21 23:20,2367.4048
10/11/21 23:25,2319.881
10/11/21 23:30,2286.903
10/11/21 23:35,2254.9556
10/11/21 23:40,2212.4436
10/11/21 23:45,2169.5828
10/11/21 23:50,2129.002
10/11/21 23:55,2092.128
10/12/21 0:00,2057.6477
10/12/21 0:05,2024.9749
10/12/21 0:10,1995.303
10/12/21 0:15,2124.8757
10/12/21 0:20,2319.1074
10/12/21 0:25,2289.9768
10/12/21 0:30,2239.8433
10/12/21 0:35,2202.4417
10/12/21 0:40,2191.015
10/12/21 0:45,2174.8525
10/12/21 0:50,2159.5835
10/12/21 0:55,2155.808
10/12/21 1:00,2155.7686
10/12/21 1:05,2153.3186
10/12/21 1:10,2136.0059
10/12/21 1:15,2114.9287
10/12/21 1:20,2098.2295
10/12/21 1:25,2128.4824
10/12/21 1:30,2179.0134
10/12/21 1:35,2225.5251
10/12/21 1:40,2268.7034
10/12/21 1:45,2308.5815
10/12/21 1:50,2387.9348
10/12/21 1:55,2384.8484
10/12/21 2:00,2328.934
10/12/21 2:05,2276.7866
10/12/21 2:10,2257.8755
10/12/21 2:15,2260.0342
10/12/21 2:20,2223.4854
10/12/21 2:25,2189.1035
10/12/21 2:30,2158.526
10/12/21 2:35,2128.128
10/12/21 2:40,2120.0234
10/12/21 2:45,2173.169
10/12/21 2:50,2181.6575
10/12/21 2:55,2140.165
10/12/21 3:00,2095.6348
10/12/21 3:05,2061.3733
10/12/21 3:10,2028.2177
10/12/21 3:15,2024.21
10/12/21 3:20,2110.8867
10/12/21 3:25,2187.103
10/12/21 3:30,2259.1196
10/12/21 3:35,2299.5898
10/12/21 3:40,2281.7756
10/12/21 3:45,2236.2139
10/12/21 3:50,2188.4539
10/12/21 3:55,2170.307
10/12/21 4:00,2188.6091
10/12/21 4:05,2211.0933
10/12/21 4:10,2242.9902
10/12/21 4:15,2265.8672
10/12/21 4:20,2294.3823
10/12/21 4:25,2322.5984
10/12/21 4:30,2351.5442
10/12/21 4:35,2388.97
10/12/21 4:40,2429.2405
10/12/21 4:45,2365.2236
10/12/21 4:50,2308.8782
10/12/21 4:55,2255.222
10/12/21 5:00,2225.1755
10/12/21 5:05,2215.8765
10/12/21 5:10,2202.77
10/12/21 5:15,2188.852
10/12/21 5:20,2175.472
10/12/21 5:25,2161.7888
10/12/21 5:30,2146.1707
10/12/21 5:35,2136.5483
10/12/21 5:40,2242.461
10/12/21 5:45,2238.8164
10/12/21 5:50,2189.1875
10/12/21 5:55,2144.442
10/12/21 6:00,2124.609
10/12/21 6:05,2150.938
10/12/21 6:10,2170.3884
10/12/21 6:15,2189.2097
10/12/21 6:20,2201.1099
10/12/21 6:25,2235.637
10/12/21 6:30,2283.776
10/12/21 6:35,2231.2493
10/12/21 6:40,2182.0706
10/12/21 6:45,2156.8184
10/12/21 6:50,2135.2285
10/12/21 6:55,2107.037
10/12/21 7:00,2082.498
10/12/21 7:05,2060.2817
10/12/21 7:10,2039.2834
10/12/21 7:15,2025.1924
10/12/21 7:20,2095.9473
10/12/21 7:25,2111.3545
10/12/21 7:30,2063.6294
10/12/21 7:35,2025.283
10/12/21 7:40,1997.818
10/12/21 7:45,1985.0472
10/12/21 7:50,1970.3143
10/12/21 7:55,1959.7845
10/12/21 8:00,1947.5001
10/12/21 8:05,1938.95
10/12/21 8:10,1930.8446
10/12/21 8:15,2085.567
10/12/21 8:20,2328.2224
10/12/21 8:25,2560.8948
10/12/21 8:30,2662.526
10/12/21 8:35,2669.0203
10/12/21 8:40,2674.2017
10/12/21 8:45,2690.1985
10/12/21 8:50,2742.3298
10/12/21 8:55,2737.9517
10/12/21 9:00,2676.2415
10/12/21 9:05,2610.3406
10/12/21 9:10,2576.8135
10/12/21 9:15,
10/12/21 9:20,
10/12/21 9:25,
10/12/21 9:30,2188.7966
10/12/21 9:35,2137.1953
10/12/21 9:40,2119.2896
10/12/21 9:45,2115.4736
10/12/21 9:50,2111.451
10/12/21 9:55,2069.479
10/12/21 10:00,2032.2002
10/12/21 10:05,2000.273
10/12/21 10:10,1970.2416
10/12/21 10:15,2027.032
10/12/21 10:20,2097.8086
10/12/21 10:25,2102.781
10/12/21 10:30,2074.5762
10/12/21 10:35,2040.2926
10/12/21 10:40,2005.5172
10/12/21 10:45,1986.3965
10/12/21 10:50,1954.5657
10/12/21 10:55,1909.7858
10/12/21 11:00,1866.8411
10/12/21 11:05,1839.2822
10/12/21 11:10,1841.3651
10/12/21 11:15,1830.6519
10/12/21 11:20,1806.8296
10/12/21 11:25,1780.0974
10/12/21 11:30,1753.7675
10/12/21 11:35,1725.0913
10/12/21 11:40,1803.1503
10/12/21 11:45,1933.5848
10/12/21 11:50,1886.7715
10/12/21 11:55,1854.6377
10/12/21 12:00,1821.1371
10/12/21 12:05,1797.4849
10/12/21 12:10,1778.5713
10/12/21 12:15,1772.2794
10/12/21 12:20,1800.6075
10/12/21 12:25,1950.982
10/12/21 12:30,2072.4707
10/12/21 12:35,2156.8245
10/12/21 12:40,2155.3127
10/12/21 12:45,2114.5056
10/12/21 12:50,2081.3228
10/12/21 12:55,2066.165
10/12/21 13:00,2077.3064
10/12/21 13:05,2094.6545
10/12/21 13:10,2105.8257
10/12/21 13:15,2114.281
10/12/21 13:20,2158.7793
10/12/21 13:25,2227.2542
10/12/21 13:30,2170.6646
10/12/21 13:35,2115.7786
10/12/21 13:40,2075.348
10/12/21 13:45,2049.9597
10/12/21 13:50,2017.6112
10/12/21 13:55,1998.2808
10/12/21 14:00,1990.8059
10/12/21 14:05,2000.142
10/12/21 14:10,2017.8107
10/12/21 14:15,2043.6084
10/12/21 14:20,2057.943
10/12/21 14:25,2046.098
10/12/21 14:30,2032.9961
10/12/21 14:35,2016.797
10/12/21 14:40,2001.7169
10/12/21 14:45,1997.9172
10/12/21 14:50,1969.6976
10/12/21 14:55,1924.8983
10/12/21 15:00,1893.6218
10/12/21 15:05,1912.5911
10/12/21 15:10,1949.1428
10/12/21 15:15,1971.5284
10/12/21 15:20,1991.1335
10/12/21 15:25,1992.7075
10/12/21 15:30,1998.1304
10/12/21 15:35,1994.9401
10/12/21 15:40,2036.2819
10/12/21 15:45,2091.0557
10/12/21 15:50,2057.6418
10/12/21 15:55,2027.0248
10/12/21 16:00,1996.9739
10/12/21 16:05,1966.0398
10/12/21 16:10,1964.1576
10/12/21 16:15,2081.2976
10/12/21 16:20,2196.102
10/12/21 16:25,2156.5686
10/12/21 16:30,2119.9338
10/12/21 16:35,2079.8186
10/12/21 16:40,2036.8855
10/12/21 16:45,1993.6442
10/12/21 16:50,1970.7723
10/12/21 16:55,1965.4965
10/12/21 17:00,1968.3298
10/12/21 17:05,1975.7172
10/12/21 17:10,1997.9156
10/12/21 17:15,2012.7792
10/12/21 17:20,2031.1626
10/12/21 17:25,2065.415
10/12/21 17:30,2144.0308
10/12/21 17:35,2216.8315
10/12/21 17:40,2201.5918
10/12/21 17:45,2164.6772
10/12/21 17:50,2127.7705
10/12/21 17:55,2111.0752
10/12/21 18:00,2144.9304
10/12/21 18:05,2159.669
10/12/21 18:10,2130.532
10/12/21 18:15,2114.446
10/12/21 18:20,2114.4187
10/12/21 18:25,2131.9207
10/12/21 18:30,2153.4944
10/12/21 18:35,2167.4258
10/12/21 18:40,2196.0784
10/12/21 18:45,2248.7844
10/12/21 18:50,2257.6394
10/12/21 18:55,2235.5024
10/12/21 19:00,2219.688
10/12/21 19:05,2214.1777
10/12/21 19:10,2219.2224
10/12/21 19:15,2216.179
10/12/21 19:20,2221.654
10/12/21 19:25,2235.1506
10/12/21 19:30,2246.081
10/12/21 19:35,2255.7024
10/12/21 19:40,2261.785
10/12/21 19:45,2316.8394
10/12/21 19:50,2337.5894
10/12/21 19:55,2281.1184
10/12/21 20:00,2224.916
10/12/21 20:05,2180.259
10/12/21 20:10,2134.6045
10/12/21 20:15,2093.7341
10/12/21 20:20,2053.0886
10/12/21 20:25,2048.2976
10/12/21 20:30,2054.8528
10/12/21 20:35,2057.4517
10/12/21 20:40,2061.4604
10/12/21 20:45,2084.7888
10/12/21 20:50,2125.468
10/12/21 20:55,2070.533
10/12/21 21:00,2017.2281
10/12/21 21:05,1969.9922
10/12/21 21:10,1972.1166
10/12/21 21:15,1974.1052
10/12/21 21:20,1972.1655
10/12/21 21:25,1980.9231
10/12/21 21:30,1982.7067
10/12/21 21:35,2084.081
10/12/21 21:40,2092.756
10/12/21 21:45,2055.5464
10/12/21 21:50,2029.9204
10/12/21 21:55,2032.9539
10/12/21 22:00,2033.4194
10/12/21 22:05,2028.2028
10/12/21 22:10,2047.4443
10/12/21 22:15,2072.8853
10/12/21 22:20,2097.151
10/12/21 22:25,2117.6094
10/12/21 22:30,2169.1409
10/12/21 22:35,2234.6633
10/12/21 22:40,2240.4324
10/12/21 22:45,2224.5574
10/12/21 22:50,2208.2773
10/12/21 22:55,2205.4973
10/12/21 23:00,2199.1475
10/12/21 23:05,2203.15
10/12/21 23:10,2215.6284
10/12/21 23:15,2228.6423
10/12/21 23:20,2237.8767
10/12/21 23:25,2243.306
10/12/21 23:30,2279.7017
10/12/21 23:35,2283.081
10/12/21 23:40,2231.2761
10/12/21 23:45,2181.4778
10/12/21 23:50,2162.5408
10/12/21 23:55,2146.9507
10/13/21 0:00,2129.0786
10/13/21 0:05,2119.2036
10/13/21 0:10,2145.7622
10/13/21 0:15,2205.395
10/13/21 0:20,2263.1428
10/13/21 0:25,2263.6606
10/13/21 0:30,2253.7532
10/13/21 0:35,2220.3525
10/13/21 0:40,2182.9941
10/13/21 0:45,2148.0483
10/13/21 0:50,2116.5256
10/13/21 0:55,2098.1646
10/13/21 1:00,2168.0813
10/13/21 1:05,2230.5215
10/13/21 1:10,2259.2292
10/13/21 1:15,2254.6907
10/13/21 1:20,2248.9766
10/13/21 1:25,2252.04
10/13/21 1:30,2267.791
10/13/21 1:35,2270.4468
10/13/21 1:40,2215.389
10/13/21 1:45,2156.773
10/13/21 1:50,2109.0767
10/13/21 1:55,2124.2493
10/13/21 2:00,2140.9634
10/13/21 2:05,2157.5742
10/13/21 2:10,2176.5435
10/13/21 2:15,2190.3635
10/13/21 2:20,2164.9521
10/13/21 2:25,2121.642
10/13/21 2:30,2087.859
10/13/21 2:35,2059.8215
10/13/21 2:40,2039.7614
10/13/21 2:45,2046.4751
10/13/21 2:50,2048.3706
10/13/21 2:55,2032.5835
10/13/21 3:00,2009.55
10/13/21 3:05,1992.6208
10/13/21 3:10,1981.3486
10/13/21 3:15,1980.0243
10/13/21 3:20,1966.276
10/13/21 3:25,1946.4266
10/13/21 3:30,1926.4951
10/13/21 3:35,1931.8428
10/13/21 3:40,1935.6504
10/13/21 3:45,1932.9313
10/13/21 3:50,1927.4265
10/13/21 3:55,1920.4365
10/13/21 4:00,1904.2048
10/13/21 4:05,1900.4038
10/13/21 4:10,1926.7097
10/13/21 4:15,2081.0137
10/13/21 4:20,2135.189
10/13/21 4:25,2084.0554
10/13/21 4:30,2043.6915
10/13/21 4:35,2000.5509
10/13/21 4:40,1964.487
10/13/21 4:45,2021.8599
10/13/21 4:50,1989.1141
10/13/21 4:55,1953.1255
10/13/21 5:00,1924.7261
10/13/21 5:05,1897.9329
10/13/21 5:10,1897.917
10/13/21 5:15,1896.7222
10/13/21 5:20,1889.9275
10/13/21 5:25,1892.7565
10/13/21 5:30,1895.1005
10/13/21 5:35,1948.7518
10/13/21 5:40,2031.6746
10/13/21 5:45,1995.0854
10/13/21 5:50,1962.5853
10/13/21 5:55,1940.0846
10/13/21 6:00,1928.1967
10/13/21 6:05,1912.1123
10/13/21 6:10,1899.5142
10/13/21 6:15,1945.581
10/13/21 6:20,1952.5994
10/13/21 6:25,1922.8983
10/13/21 6:30,1891.2795
10/13/21 6:35,1863.2119
10/13/21 6:40,1924.744
10/13/21 6:45,1969.5814
10/13/21 6:50,2015.8978
10/13/21 6:55,2052.2844
10/13/21 7:00,2085.6145
10/13/21 7:05,2085.7356
10/13/21 7:10,2074.3284
10/13/21 7:15,2059.8052
10/13/21 7:20,2072.521
10/13/21 7:25,2111.277
10/13/21 7:30,2127.1987
10/13/21 7:35,2104.2397
10/13/21 7:40,2089.277
10/13/21 7:45,2066.0105
10/13/21 7:50,2049.3203
10/13/21 7:55,2027.0948
10/13/21 8:00,2005.591
10/13/21 8:05,1996.5068
10/13/21 8:10,1979.5331
10/13/21 8:15,2096.8225
10/13/21 8:20,2242.3235
10/13/21 8:25,2321.5874
10/13/21 8:30,2301.7854
10/13/21 8:35,2276.9062
10/13/21 8:40,2255.766
10/13/21 8:45,2265.6138
10/13/21 8:50,2287.2844
10/13/21 8:55,2308.6982
10/13/21 9:00,2294.4822
10/13/21 9:05,2282.4763
10/13/21 9:10,2265.016
10/13/21 9:15,2245.7456
10/13/21 9:20,2230.7375
10/13/21 9:25,2215.6106
10/13/21 9:30,2203.8975
10/13/21 9:35,2250.547
10/13/21 9:40,2334.152
10/13/21 9:45,2406.6096
10/13/21 9:50,2472.7463
10/13/21 9:55,2541.525
10/13/21 10:00,2615.2556
10/13/21 10:05,2671.0498
10/13/21 10:10,2728.7266
10/13/21 10:15,2784.6526
10/13/21 10:20,2838.3184
10/13/21 10:25,2900.3613
10/13/21 10:30,2810.1028
10/13/21 10:35,2731.4648
10/13/21 10:40,2713.527
10/13/21 10:45,2701.1384
10/13/21 10:50,2690.4194
10/13/21 10:55,2687.7478
10/13/21 11:00,2687.6711
10/13/21 11:05,2688.4548
10/13/21 11:10,2686.3386
10/13/21 11:15,2690.906
10/13/21 11:20,2691.0667
10/13/21 11:25,2666.661
10/13/21 11:30,2619.8662
10/13/21 11:35,2576.5132
10/13/21 11:40,2535.1226
10/13/21 11:45,2497.7742
10/13/21 11:50,2469.0005
10/13/21 11:55,2443.9924
10/13/21 12:00,2422.8503
10/13/21 12:05,2394.5166
10/13/21 12:10,2361.0193
10/13/21 12:15,2314.253
10/13/21 12:20,2281.7053
10/13/21 12:25,2259.8674
10/13/21 12:30,2250.3806
10/13/21 12:35,2244.0903
10/13/21 12:40,2353.822
10/13/21 12:45,2300.2104
10/13/21 12:50,2251.3267
10/13/21 12:55,2216.0054
10/13/21 13:00,2183.2988
10/13/21 13:05,2153.9392
10/13/21 13:10,2118.6326
10/13/21 13:15,2085.889
10/13/21 13:20,2057.5723
10/13/21 13:25,2031.6843
10/13/21 13:30,2219.738
10/13/21 13:35,2226.4133
10/13/21 13:40,2183.3687
10/13/21 13:45,2138.191
10/13/21 13:50,2103.6265
10/13/21 13:55,2127.9536
10/13/21 14:00,2154.1543
10/13/21 14:05,2161.8962
10/13/21 14:10,2157.0146
10/13/21 14:15,2156.353
10/13/21 14:20,2152.399
10/13/21 14:25,2146.5312
10/13/21 14:30,2141.678
10/13/21 14:35,2134.072
10/13/21 14:40,2123.7273
10/13/21 14:45,2108.7004
10/13/21 14:50,2098.9229
10/13/21 14:55,2112.5537
10/13/21 15:00,2128.1423
10/13/21 15:05,2149.0725
10/13/21 15:10,2165.672
10/13/21 15:15,2194.7285
10/13/21 15:20,2156.7393
10/13/21 15:25,2122.1804
10/13/21 15:30,2081.6895
10/13/21 15:35,2074.5176
10/13/21 15:40,2102.5962
10/13/21 15:45,2118.1118
10/13/21 15:50,2099.594
10/13/21 15:55,2082.19
10/13/21 16:00,2065.8586
10/13/21 16:05,2050.037
10/13/21 16:10,2036.766
10/13/21 16:15,2167.1682
10/13/21 16:20,2290.3362
10/13/21 16:25,2376.1663
10/13/21 16:30,2359.2688
10/13/21 16:35,2328.0818
10/13/21 16:40,2271.0815
10/13/21 16:45,2221.8145
10/13/21 16:50,2174.786
10/13/21 16:55,2185.6516
10/13/21 17:00,2212.8718
10/13/21 17:05,2242.5498
10/13/21 17:10,2227.6921
10/13/21 17:15,2210.2449
10/13/21 17:20,2194.5183
10/13/21 17:25,2186.7944
10/13/21 17:30,2243.859
10/13/21 17:35,2218.0522
10/13/21 17:40,2169.1482
10/13/21 17:45,2128.878
10/13/21 17:50,2085.7815
10/13/21 17:55,2060.8728
10/13/21 18:00,2089.671
10/13/21 18:05,2120.2659
10/13/21 18:10,2108.6191
10/13/21 18:15,2093.7983
10/13/21 18:20,2078.7212
10/13/21 18:25,2079.6934
10/13/21 18:30,2117.7244
10/13/21 18:35,2108.9568
10/13/21 18:40,2070.3933
10/13/21 18:45,2033.7252
10/13/21 18:50,2005.312
10/13/21 18:59,2083.035
10/13/21 19:04,2116.9233
10/13/21 19:09,2129.918
10/13/21 19:14,2139.3694
10/13/21 19:19,2147.5264
10/13/21 19:24,2160.6067
10/13/21 19:29,2196.9243
10/13/21 19:34,2226.1433
10/13/21 19:39,2248.1462
10/13/21 19:44,2243.0132
10/13/21 19:49,2231.042
10/13/21 19:54,2217.2456
10/13/21 19:59,2206.2756
10/13/21 20:04,2200.8013
10/13/21 20:09,2310.9521
10/13/21 20:14,2425.2312
10/13/21 20:19,2526.146
10/13/21 20:24,2627.5525
10/13/21 20:29,2724.5466
10/13/21 20:34,2851.488
10/13/21 20:39,2965.747
10/13/21 20:44,3059.8667
10/13/21 20:49,3141.3064
10/13/21 20:54,3145.4739
10/13/21 20:59,3128.0847
10/13/21 21:04,3111.2412
10/13/21 21:09,3064.8152
10/13/21 21:14,3016.9863
10/13/21 21:19,2966.8008
10/13/21 21:24,2898.4045
10/13/21 21:29,2803.8713
10/13/21 21:34,2725.3127
10/13/21 21:39,2675.3027
10/13/21 21:44,2635.1904
10/13/21 21:49,2589.7898
10/13/21 21:54,2560.077
10/13/21 21:59,2567.1206
10/13/21 22:04,2574.099
10/13/21 22:09,2579.8499
10/13/21 22:14,2582.4668
10/13/21 22:19,2562.258
10/13/21 22:24,2498.8977
10/13/21 22:29,2438.9663
10/13/21 22:34,2392.7998
10/13/21 22:39,2377.1218
10/13/21 22:44,2358.054
10/13/21 22:49,2345.044
10/13/21 22:54,2328.4592
10/13/21 22:59,2366.208
10/13/21 23:04,2363.619
10/13/21 23:09,2302.6829
10/13/21 23:14,2251.12
10/13/21 23:19,2207.8787
10/13/21 23:24,2224.1143
10/13/21 23:29,2233.8296
10/13/21 23:34,2231.7542
10/13/21 23:39,2208.3577
10/13/21 23:44,2187.9211
10/13/21 23:49,2178.7744
10/13/21 23:54,2195.5623
10/13/21 23:59,2205.3342
10/14/21 0:04,2220.7253
10/14/21 0:09,2244.1768
10/14/21 0:14,2274.6042
10/14/21 0:19,2246.4968
10/14/21 0:24,2202.4316
10/14/21 0:29,2159.1633
10/14/21 0:34,2120.8274
10/14/21 0:39,2085.6423
10/14/21 0:44,2105.3313
10/14/21 0:49,2136.3708
10/14/21 0:54,2170.7031
10/14/21 0:59,2181.0378
10/14/21 1:04,2181.5635
10/14/21 1:09,2179.6504
10/14/21 1:14,2181.9216
10/14/21 1:19,2201.6868
10/14/21 1:24,2272.5295
10/14/21 1:29,2335.0015
10/14/21 1:34,2393.193
10/14/21 1:39,2390.5923
10/14/21 1:44,2339.4731
10/14/21 1:49,2283.4666
10/14/21 1:54,2240.6536
10/14/21 1:59,2194.8955
10/14/21 2:04,2145.679
10/14/21 2:09,2098.4922
10/14/21 2:14,2061.0337
10/14/21 2:19,2101.8918
10/14/21 2:24,2124.437
10/14/21 2:29,2080.8557
10/14/21 2:34,2036.561
10/14/21 2:39,2022.277
10/14/21 2:44,2033.0098
10/14/21 2:49,2039.6556
10/14/21 2:54,2043.223
10/14/21 2:59,2040.4474
10/14/21 3:04,2044.8933
10/14/21 3:09,2051.702
10/14/21 3:14,2058.9885
10/14/21 3:19,2136.5781
10/14/21 3:24,2235.2126
10/14/21 3:29,2286.8733
10/14/21 3:34,2267.2725
10/14/21 3:39,2220.9587
10/14/21 3:44,2177.3452
10/14/21 3:49,2132.752
10/14/21 3:54,2143.9922
10/14/21 3:59,2172.6511
10/14/21 4:04,2203.8455
10/14/21 4:09,2239.641
10/14/21 4:14,2271.1912
10/14/21 4:19,2296.4353
10/14/21 4:24,2250.5024
10/14/21 4:29,2212.9094
10/14/21 4:34,2180.1057
10/14/21 4:39,2171.3289
10/14/21 4:44,2190.5598
10/14/21 4:49,2203.6736
10/14/21 4:54,2205.2944
10/14/21 4:59,2200.5603
10/14/21 5:04,2188.619
10/14/21 5:09,2153.9192
10/14/21 5:14,2117.489
10/14/21 5:19,2084.6106
10/14/21 5:24,2053.8728
10/14/21 5:29,2028.2798
10/14/21 5:34,2099.6953
10/14/21 5:39,2203.0696
10/14/21 5:44,2294.9087
10/14/21 5:49,2331.4539
10/14/21 5:54,2328.7112
10/14/21 5:59,2325.3916
10/14/21 6:04,2322.6692
10/14/21 6:09,2320.8218
10/14/21 6:14,2347.9329
10/14/21 6:19,2426.7896
10/14/21 6:24,2482.9595
10/14/21 6:29,2525.4497
10/14/21 6:34,2569.9028
10/14/21 6:39,2654.4678
10/14/21 6:44,2784.3645
10/14/21 6:49,2890.2751
10/14/21 6:54,2996.2683
10/14/21 6:59,2973.3394
10/14/21 7:04,2950.1575
10/14/21 7:09,2914.156
10/14/21 7:14,2858.322
10/14/21 7:19,2809.7947
10/14/21 7:24,2764.917
10/14/21 7:29,2739.9622
10/14/21 7:34,2743.1328
10/14/21 7:39,2733.034
10/14/21 7:44,2674.3118
10/14/21 7:49,2618.3545
10/14/21 7:54,2563.8796
10/14/21 7:59,2518.0466
10/14/21 8:04,2473.526
10/14/21 8:09,2448.4817
10/14/21 8:14,2483.8823
10/14/21 8:19,2519.9626
10/14/21 8:24,2545.442
10/14/21 8:29,2561.3982
10/14/21 8:34,2570.9553
10/14/21 8:39,2583.3367
10/14/21 8:44,2560.9456
10/14/21 8:49,2524.7185
10/14/21 8:54,2464.3896
10/14/21 8:59,2405.533
10/14/21 9:04,2350.0059
10/14/21 9:09,2297.49
10/14/21 9:14,2296.9866
10/14/21 9:19,2376.7288
10/14/21 9:24,2460.8586
10/14/21 9:29,2539.4556
10/14/21 9:34,2558.1194
10/14/21 9:39,2563.353
10/14/21 9:44,2563.1113
10/14/21 9:49,2553.8186
10/14/21 9:54,2531.982
10/14/21 9:59,2469.247
10/14/21 10:04,2416.0876
10/14/21 10:09,2377.9153
10/14/21 10:14,2361.1372
10/14/21 10:19,2342.9536
10/14/21 10:24,2333.6619
10/14/21 10:29,2332.5012
10/14/21 10:34,2310.184
10/14/21 10:39,2258.7742
10/14/21 10:44,2212.93
10/14/21 10:49,2168.764
10/14/21 10:54,2164.6465
10/14/21 10:59,2212.3992
10/14/21 11:04,2250.966
10/14/21 11:09,2286.871
10/14/21 11:14,2322.063
10/14/21 11:19,2366.297
10/14/21 11:24,2415.9705
10/14/21 11:29,2417.6157
10/14/21 11:34,2419.3584
10/14/21 11:39,2421.4724
10/14/21 11:44,2426.1396
10/14/21 11:49,2459.168
10/14/21 11:54,2441.4905
10/14/21 11:59,2384.362
10/14/21 12:04,2327.6958
10/14/21 12:09,2277.2852
10/14/21 12:14,2222.666
10/14/21 12:19,2289.4204
10/14/21 12:24,2267.986
10/14/21 12:29,2220.8564
10/14/21 12:34,2174.2437
10/14/21 12:39,2137.9592
10/14/21 12:44,2172.9492
10/14/21 12:49,2154.7175
10/14/21 12:54,2111.7742
10/14/21 12:59,2073.3738
10/14/21 13:04,2034.412
10/14/21 13:09,1997.0419
10/14/21 13:14,2002.1039
10/14/21 13:19,2123.9446
10/14/21 13:24,2086.7336
10/14/21 13:29,2050.3477
10/14/21 13:34,2013.2792
10/14/21 13:39,1978.646
10/14/21 13:44,1966.0428
10/14/21 13:49,2024.3488
10/14/21 13:54,1995.2583
10/14/21 13:59,1962.0212
10/14/21 14:04,1924.2931
10/14/21 14:09,1941.0177
10/14/21 14:14,2006.1215
10/14/21 14:19,2067.4841
10/14/21 14:24,2126.7969
10/14/21 14:29,2166.5652
10/14/21 14:34,2199.9941
10/14/21 14:39,2229.2717
10/14/21 14:44,2230.3809
10/14/21 14:49,2185.4702
10/14/21 14:54,2138.3567
10/14/21 14:59,2096.3591
10/14/21 15:04,2054.4023
10/14/21 15:09,2067.5764
10/14/21 15:14,2014.1366
10/14/21 15:19,1964.6605
10/14/21 15:24,1922.688
10/14/21 15:29,1881.1616
10/14/21 15:34,1872.0586
10/14/21 15:39,1969.4474
10/14/21 15:44,2035.309
10/14/21 15:49,2007.9741
10/14/21 15:54,1981.7394
10/14/21 15:59,1963.6816
10/14/21 16:04,1944.7886
10/14/21 16:09,2040.5908
10/14/21 16:14,2119.9202
10/14/21 16:19,2204.2478
10/14/21 16:24,2272.0552
10/14/21 16:29,2347.1262
10/14/21 16:34,2398.0527
10/14/21 16:39,2426.6956
10/14/21 16:44,2412.053
10/14/21 16:49,2395.3567
10/14/21 16:54,2378.0464
10/14/21 16:59,2417.4954
10/14/21 17:04,2497.1135
10/14/21 17:09,2583.4434
10/14/21 17:14,2640.8823
10/14/21 17:19,2651.887
10/14/21 17:24,2642.7554
10/14/21 17:29,2583.138
10/14/21 17:34,2516.7688
10/14/21 17:39,2473.6682
10/14/21 17:44,2435.749
10/14/21 17:49,2407.299
10/14/21 17:54,2394.4087
10/14/21 17:59,2355.0938
10/14/21 18:04,2297.9329
10/14/21 18:09,2240.7803
10/14/21 18:14,2185.627
10/14/21 18:19,2156.4175
10/14/21 18:24,2161.8633
10/14/21 18:29,2163.2463
10/14/21 18:34,2168.8171
10/14/21 18:39,2186.9568
10/14/21 18:44,2205.6714
10/14/21 18:49,2202.1755
10/14/21 18:54,2162.2563
10/14/21 18:59,2111.502
10/14/21 19:04,2063.3948
10/14/21 19:09,2030.1155
10/14/21 19:14,1994.6656
10/14/21 19:19,1972.3243
10/14/21 19:24,1977.3217
10/14/21 19:29,1975.2421
10/14/21 19:34,1974.1597
10/14/21 19:39,1991.5189
10/14/21 19:44,1967.11
10/14/21 19:49,1938.8413
10/14/21 19:54,1908.3401
10/14/21 19:59,1942.9646
10/14/21 20:04,1976.1257
10/14/21 20:09,1980.7839
10/14/21 20:14,1971.0731
10/14/21 20:19,1961.3201
10/14/21 20:24,1994.138
10/14/21 20:29,2034.5366
10/14/21 20:34,2066.492
10/14/21 20:39,2077.0781
10/14/21 20:44,2084.1262
10/14/21 20:49,2093.5322
10/14/21 20:54,2105.793
10/14/21 20:59,2069.923
10/14/21 21:04,2033.348
10/14/21 21:09,1996.9855
10/14/21 21:14,1958.4972
10/14/21 21:19,1921.6147
10/14/21 21:24,1917.9259
10/14/21 21:29,1909.3439
10/14/21 21:34,1901.4822
10/14/21 21:39,1885.2148
10/14/21 21:44,1864.9578
10/14/21 21:49,1886.8925
10/14/21 21:54,1840.119
10/14/21 21:59,1795.168
10/14/21 22:04,1754.8059
10/14/21 22:09,1728.8076
10/14/21 22:14,1769.813
10/14/21 22:19,1783.2783
10/14/21 22:24,1754.9562
10/14/21 22:29,1725.9504
10/14/21 22:34,1708.2711
10/14/21 22:39,1741.8707
10/14/21 22:44,1796.7479
10/14/21 22:49,1836.991
10/14/21 22:54,1878.8971
10/14/21 22:59,1910.41
10/14/21 23:04,1909.0912
10/14/21 23:09,1877.8007
10/14/21 23:14,1851.9343
10/14/21 23:19,1818.3563
10/14/21 23:24,1814.0088
10/14/21 23:29,1843.352
10/14/21 23:34,1821.6161
10/14/21 23:39,1803.387
10/14/21 23:44,1809.4773
10/14/21 23:49,1808.2108
10/14/21 23:54,1813.0309
10/14/21 23:59,1835.5891
10/15/21 0:04,1841.6089
10/15/21 0:09,1845.3796
10/15/21 0:14,1837.6885
10/15/21 0:19,1815.0339
10/15/21 0:24,1784.8286
10/15/21 0:29,1762.7614
10/15/21 0:34,1740.7715
10/15/21 0:39,1730.7443
10/15/21 0:44,1718.6274
10/15/21 0:49,1705.7788
10/15/21 0:54,1690.9872
10/15/21 0:59,1689.4924
10/15/21 1:04,1685.4657
10/15/21 1:09,1710.5859
10/15/21 1:14,1716.8745
10/15/21 1:19,1696.0695
10/15/21 1:24,1674.8508
10/15/21 1:29,1656.1606
10/15/21 1:34,1644.9478
10/15/21 1:39,1630.4302
10/15/21 1:44,1620.3877
10/15/21 1:49,1755.5486
10/15/21 1:54,1813.4099
10/15/21 1:59,1789.3539
10/15/21 2:04,1763.2167
10/15/21 2:09,1733.0039
10/15/21 2:14,1742.5698
10/15/21 2:19,1786.0846
10/15/21 2:24,1758.382
10/15/21 2:29,1732.2369
10/15/21 2:34,1712.31
10/15/21 2:39,1692.1041
10/15/21 2:44,1671.3854
10/15/21 2:49,1656.211
10/15/21 2:54,1656.4808
10/15/21 2:59,1716.7648
10/15/21 3:04,1782.8536
10/15/21 3:09,1836.3097
10/15/21 3:14,1865.3254
10/15/21 3:19,1839.7133
10/15/21 3:24,1814.9674
10/15/21 3:29,1794.7694
10/15/21 3:34,1772.1632
10/15/21 3:39,1748.6542
10/15/21 3:44,1797.3412
10/15/21 3:49,1891.8522
10/15/21 3:54,1855.3301
10/15/21 3:59,1827.4036
10/15/21 4:04,1807.2958
10/15/21 4:09,1829.9596
10/15/21 4:14,1878.9591
10/15/21 4:19,1919.9686
10/15/21 4:24,1960.3506
10/15/21 4:29,2004.1991
10/15/21 4:34,2036.412
10/15/21 4:39,1993.9148
10/15/21 4:44,1952.7346
10/15/21 4:49,1931.321
10/15/21 4:54,1900.9429
10/15/21 4:59,1867.3693
10/15/21 5:04,1859.2787
10/15/21 5:09,1858.9773
10/15/21 5:14,1841.7124
10/15/21 5:19,1820.8835
10/15/21 5:24,1796.2388
10/15/21 5:29,1789.8158
10/15/21 5:34,1805.7181
10/15/21 5:39,1776.5704
10/15/21 5:44,1745.2098
10/15/21 5:49,1719.5562
10/15/21 5:54,1728.8572
10/15/21 5:59,1791.4501
10/15/21 6:04,1846.9741
10/15/21 6:09,1858.4196
10/15/21 6:14,1862.4292
10/15/21 6:19,1862.73
10/15/21 6:24,1880.3877
10/15/21 6:29,1871.1886
10/15/21 6:34,1839.786
10/15/21 6:39,1814.6182
10/15/21 6:44,1799.3374
10/15/21 6:49,1777.5771
10/15/21 6:54,1757.415
10/15/21 6:59,1832.2499
10/15/21 7:04,1953.1594
10/15/21 7:09,1988.9176
10/15/21 7:14,1958.9071
10/15/21 7:19,1931.7085
10/15/21 7:24,1909.5359
10/15/21 7:29,1914.3812
10/15/21 7:34,1980.9893
10/15/21 7:39,1949.0415
10/15/21 7:44,1918.8827
10/15/21 7:49,1897.301
10/15/21 7:54,1894.2269
10/15/21 7:59,1891.3866
10/15/21 8:04,1893.3528
10/15/21 8:09,1920.603
10/15/21 8:14,1950.2933
10/15/21 8:19,1977.4105
10/15/21 8:24,2007.2833
10/15/21 8:29,2001.9789
10/15/21 8:34,1969.931
10/15/21 8:39,1937.783
10/15/21 8:44,1931.2046
10/15/21 8:49,1934.733
10/15/21 8:54,1935.6223
10/15/21 8:59,1997.5814
10/15/21 9:04,2104.2852
10/15/21 9:09,2064.1702
10/15/21 9:14,2023.3372
10/15/21 9:19,1980.8872
10/15/21 9:24,1943.9208
10/15/21 9:29,1913.1602
10/15/21 9:34,1893.3217
10/15/21 9:39,1879.6522
10/15/21 9:44,1916.8171
10/15/21 9:49,1937.9783
10/15/21 9:54,1937.5212
10/15/21 9:59,1925.7861
10/15/21 10:04,1917.849
10/15/21 10:09,1916.1617
10/15/21 10:14,1930.7617
10/15/21 10:19,1946.1927
10/15/21 10:24,1960.8763
10/15/21 10:29,1973.5105
10/15/21 10:34,1970.0898
10/15/21 10:39,1929.6675
10/15/21 10:44,1890.2521
10/15/21 10:49,1864.431
10/15/21 10:54,1832.123
10/15/21 10:59,1806.8207
10/15/21 11:04,1816.8274
10/15/21 11:09,1871.3438
10/15/21 11:14,1918.852
10/15/21 11:19,1904.3864
10/15/21 11:24,1878.449
10/15/21 11:29,1851.9629
10/15/21 11:34,1830.9696
10/15/21 11:39,1805.4307
10/15/21 11:44,1789.3113
10/15/21 11:49,1768.8696
10/15/21 11:54,1747.1536
10/15/21 11:59,1725.7687
10/15/21 12:04,1705.3733
10/15/21 12:09,1886.7255
10/15/21 12:14,1926.7839
10/15/21 12:19,1877.8535
10/15/21 12:24,1832.869
10/15/21 12:29,1786.3523
10/15/21 12:34,1759.8687
10/15/21 12:39,1740.501
10/15/21 12:44,1714.404
10/15/21 12:49,1707.633
10/15/21 12:54,1734.9363
10/15/21 12:59,1777.6448
10/15/21 13:04,1830.428
10/15/21 13:09,1882.1178
10/15/21 13:14,1936.7837
10/15/21 13:19,1961.0914
10/15/21 13:24,1930.7535
10/15/21 13:29,1904.2446
10/15/21 13:34,1880.5751
10/15/21 13:39,1867.8381
10/15/21 13:44,1856.5112
10/15/21 13:49,1842.4012
10/15/21 13:54,1831.0846
10/15/21 13:59,1812.6274
10/15/21 14:04,1790.3442
10/15/21 14:09,1816.0885
10/15/21 14:14,1798.5763
10/15/21 14:19,1760.7512
10/15/21 14:24,1722.4333
10/15/21 14:29,1686.4657
10/15/21 14:34,1659.6133
10/15/21 14:39,1648.4663
10/15/21 14:44,1638.2671
10/15/21 14:49,1626.8237
10/15/21 14:54,1616.7657
10/15/21 14:59,1610.6293
10/15/21 15:04,1658.1996
10/15/21 15:09,1752.9446
10/15/21 15:14,1834.0939
10/15/21 15:19,1923.0524
10/15/21 15:24,1939.7196
10/15/21 15:29,1956.3966
10/15/21 15:34,1982.2491
10/15/21 15:39,1995.1901
10/15/21 15:44,1961.1624
10/15/21 15:49,1930.8796
10/15/21 15:54,1903.7307
10/15/21 15:59,1878.6384
10/15/21 16:04,1854.45
10/15/21 16:09,1831.6003
10/15/21 16:14,1865.1031
10/15/21 16:19,1942.0707
10/15/21 16:24,1911.341
10/15/21 16:29,1943.8081
10/15/21 16:34,1973.0634
10/15/21 16:39,1992.5463
10/15/21 16:44,2009.7522
10/15/21 16:49,2024.7844
10/15/21 16:54,1985.0621
10/15/21 16:59,1951.978
10/15/21 17:04,1927.2677
10/15/21 17:09,1896.5714
10/15/21 17:14,1888.8109
10/15/21 17:19,1978.7644
10/15/21 17:24,1957.94
10/15/21 17:29,1925.3125
10/15/21 17:34,1894.3639
10/15/21 17:39,1908.5377
10/15/21 17:44,1938.3534
10/15/21 17:49,1961.1698
10/15/21 17:54,1952.4153
10/15/21 17:59,1948.038
10/15/21 18:04,1950.349
10/15/21 18:09,1950.6105
10/15/21 18:14,2003.1519
10/15/21 18:19,2039.9435
10/15/21 18:24,2001.5675
10/15/21 18:29,1963.7628
10/15/21 18:34,1933.8129
10/15/21 18:39,1940.7902
10/15/21 18:44,1982.8722
10/15/21 18:49,2025.6614
10/15/21 18:54,2050.2065
10/15/21 18:59,2069.3975
10/15/21 19:04,2087.5173
10/15/21 19:09,2102.004
10/15/21 19:14,2133.563
10/15/21 19:19,2155.304
10/15/21 19:24,2161.9614
10/15/21 19:29,2153.9404
10/15/21 19:34,2150.3337
10/15/21 19:39,2196.6345
10/15/21 19:44,2269.6763
10/15/21 19:49,2336.7546
10/15/21 19:54,2407.8494
10/15/21 19:59,2417.2373
10/15/21 20:04,2422.2043
10/15/21 20:09,2424.4119
10/15/21 20:14,2434.2144
10/15/21 20:19,2443.7288
10/15/21 20:24,2392.0132
10/15/21 20:29,2336.527
10/15/21 20:34,2285.3704
10/15/21 20:39,2271.5525
10/15/21 20:44,2325.4565
10/15/21 20:49,2369.686
10/15/21 20:54,2343.0742
10/15/21 20:59,2316.6028
10/15/21 21:04,2286.5698
10/15/21 21:09,2264.92
10/15/21 21:14,2238.507
10/15/21 21:19,2215.4766
10/15/21 21:24,2237.2888
10/15/21 21:29,2260.7559
10/15/21 21:34,2284.377
10/15/21 21:39,2298.73
10/15/21 21:44,2305.544
10/15/21 21:49,2309.924
10/15/21 21:54,2322.077
10/15/21 21:59,2352.8923
10/15/21 22:04,2385.343
10/15/21 22:09,2404.3667
10/15/21 22:14,2432.5051
10/15/21 22:19,2461.476
10/15/21 22:24,2398.482
10/15/21 22:29,2343.4258
10/15/21 22:34,2289.2244
10/15/21 22:39,2254.515
10/15/21 22:44,2296.107
10/15/21 22:49,2336.6606
10/15/21 22:54,2356.2546
10/15/21 22:59,2508.6584
10/15/21 23:04,2738.8767
10/15/21 23:09,2926.503
10/15/21 23:14,2865.8699
10/15/21 23:19,2814.9106
10/15/21 23:24,2775.491
10/15/21 23:29,2766.5955
10/15/21 23:34,2759.2307
10/15/21 23:39,2734.0156
10/15/21 23:44,2696.5857
10/15/21 23:49,2662.1628
10/15/21 23:54,2640.1501
10/15/21 23:59,2619.134
10/16/21 0:04,2598.2942
10/16/21 0:09,2574.6465
10/16/21 0:14,2595.9536
10/16/21 0:19,2629.9976
10/16/21 0:24,2654.6768
10/16/21 0:29,2679.48
10/16/21 0:34,2714.4756
10/16/21 0:39,2742.0393
10/16/21 0:44,2817.13
10/16/21 0:49,2785.1458
10/16/21 0:54,2714.0537
10/16/21 0:59,2638.793
10/16/21 1:04,2569.655
10/16/21 1:09,2503.5476
10/16/21 1:14,2439.983
10/16/21 1:19,2493.7095
10/16/21 1:24,2426.0737
10/16/21 1:29,2364.3748
10/16/21 1:34,2302.694
10/16/21 1:39,2243.8665
10/16/21 1:44,2210.8208
10/16/21 1:49,2248.156
10/16/21 1:54,2205.345
10/16/21 1:59,2157.3967
10/16/21 2:04,2116.9192
10/16/21 2:09,2103.573
10/16/21 2:14,2132.0403
10/16/21 2:19,2086.075
10/16/21 2:24,2048.4097
10/16/21 2:29,2011.8566
10/16/21 2:34,1978.8215
10/16/21 2:39,1943.1494
10/16/21 2:44,1962.7115
10/16/21 2:49,2007.3477
10/16/21 2:54,1971.0499
10/16/21 2:59,1942.3165
10/16/21 3:04,1903.6144
10/16/21 3:09,1892.782
10/16/21 3:14,1913.2019
10/16/21 3:19,1924.5532
10/16/21 3:24,1941.5312
10/16/21 3:29,1966.6475
10/16/21 3:34,2025.274
10/16/21 3:39,2003.118
10/16/21 3:44,1963.5006
10/16/21 3:49,1926.8988
10/16/21 3:54,1914.2681
10/16/21 3:59,1908.6205
10/16/21 4:04,1909.9532
10/16/21 4:09,1919.7657
10/16/21 4:14,1940.48
10/16/21 4:19,1909.1486
10/16/21 4:24,1884.1069
10/16/21 4:29,1859.1184
10/16/21 4:34,1832.4102
10/16/21 4:39,1874.3159
10/16/21 4:44,1907.8298
10/16/21 4:49,1867.7382
10/16/21 4:54,1841.3646
10/16/21 4:59,1819.6008
10/16/21 5:04,1797.5739
10/16/21 5:09,1774.6614
10/16/21 5:14,1752.1455
10/16/21 5:19,1781.2675
10/16/21 5:24,1902.3021
10/16/21 5:29,1873.113
10/16/21 5:34,1838.8474
10/16/21 5:39,1801.3647
10/16/21 5:44,1767.5891
10/16/21 5:49,1789.9193
10/16/21 5:54,1808.0316
10/16/21 5:59,1785.2467
10/16/21 6:04,1758.3478
10/16/21 6:09,1729.647
10/16/21 6:14,1707.0297
10/16/21 6:19,1757.0492
10/16/21 6:24,1813.7524
10/16/21 6:29,1787.1809
10/16/21 6:34,1762.9535
10/16/21 6:39,1736.9713
10/16/21 6:44,1731.6085
10/16/21 6:49,1773
10/16/21 6:54,1749.691
10/16/21 6:59,1728.103
10/16/21 7:04,1708.0599
10/16/21 7:09,1753.2523
10/16/21 7:14,1751.517
10/16/21 7:19,1731.8224
10/16/21 7:24,1712.6011
10/16/21 7:29,1693.5435
10/16/21 7:34,1716.6293
10/16/21 7:39,1790.4272
10/16/21 7:44,1856.6401
10/16/21 7:49,1852.2521
10/16/21 7:54,1835.2825
10/16/21 7:59,1813.1298
10/16/21 8:04,1787.5023
10/16/21 8:09,1828.614
10/16/21 8:14,1897.9111
10/16/21 8:19,1868.8358
10/16/21 8:24,1838.4266
10/16/21 8:29,1810.8896
10/16/21 8:34,1801.8344
10/16/21 8:39,1837.5465
10/16/21 8:44,1881.2136
10/16/21 8:49,1918.6404
10/16/21 8:54,1958.3866
10/16/21 8:59,2011.3168
10/16/21 9:04,2063.187
10/16/21 9:09,2054.961
10/16/21 9:14,2049.1958
10/16/21 9:19,2043.0634
10/16/21 9:24,2038.9755
10/16/21 9:29,2079.0435
10/16/21 9:34,2149.9004
10/16/21 9:39,2228.2974
10/16/21 9:44,2222.4016
10/16/21 9:49,2228.8926
10/16/21 9:54,2221.4973
10/16/21 9:59,2258.7952
10/16/21 10:04,2302.3364
10/16/21 10:09,2328.4146
10/16/21 10:14,2341.579
10/16/21 10:19,2358.9263
10/16/21 10:24,2431.593
10/16/21 10:29,2483.4968
10/16/21 10:34,2511.9343
10/16/21 10:39,2532.3738
10/16/21 10:44,2536.212
10/16/21 10:49,2481.73
10/16/21 10:54,2434.6045
10/16/21 10:59,2424.2688
10/16/21 11:04,2403.552
10/16/21 11:09,2356.2778
10/16/21 11:14,2339.939
10/16/21 11:19,2332.1433
10/16/21 11:24,2332.768
10/16/21 11:29,2315.015
10/16/21 11:34,2307.5034
10/16/21 11:39,2294.5232
10/16/21 11:44,2284.3193
10/16/21 11:49,2372.5823
10/16/21 11:54,2538.2117
10/16/21 11:59,2489.1472
10/16/21 12:04,2434.5403
10/16/21 12:09,2383.9854
10/16/21 12:14,2379.8599
10/16/21 12:19,2405.4707
10/16/21 12:24,2390.3972
10/16/21 12:29,2350.39
10/16/21 12:34,2317.9514
10/16/21 12:39,2306.7122
10/16/21 12:44,2288.496
10/16/21 12:49,2291.55
10/16/21 12:54,2367.7625
10/16/21 12:59,2439.2063
10/16/21 13:04,2505.658
10/16/21 13:09,2564.2866
10/16/21 13:14,2616.7542
10/16/21 13:19,2666.112
10/16/21 13:24,2707.5984
10/16/21 13:29,2719.6338
10/16/21 13:34,2722.0852
10/16/21 13:39,2668.425
10/16/21 13:44,2588.1292
10/16/21 13:49,2532.5186
10/16/21 13:54,2514.57
10/16/21 13:59,2489.9941
10/16/21 14:04,2464.3662
10/16/21 14:09,2464.4614
10/16/21 14:14,2491.409
10/16/21 14:19,2509.6763
10/16/21 14:24,2504.8508
10/16/21 14:29,2489.7803
10/16/21 14:34,2493.6235
10/16/21 14:39,2479.3147
10/16/21 14:44,2464.0269
10/16/21 14:49,2445.153
10/16/21 14:54,2421.6094
10/16/21 14:59,2403.0142
10/16/21 15:04,2379.5232
10/16/21 15:09,2367.875
10/16/21 15:14,2366.185
10/16/21 15:19,2309.661
10/16/21 15:24,2258.0928
10/16/21 15:29,2221.8506
10/16/21 15:34,2191.9954
10/16/21 15:39,2149.657
10/16/21 15:44,2109.4116
10/16/21 15:49,2089.1301
10/16/21 15:54,2098.0818
10/16/21 15:59,2101.1233
10/16/21 16:04,2123.2324
10/16/21 16:09,2158.978
10/16/21 16:14,2190.7031
10/16/21 16:19,2188.8604
10/16/21 16:24,2146.1628
10/16/21 16:29,2096.8003
10/16/21 16:34,2047.9144
10/16/21 16:39,2026.9266
10/16/21 16:44,2028.7173
10/16/21 16:49,2040.869
10/16/21 16:54,2052.0476
10/16/21 16:59,2064.601
10/16/21 17:04,2075.8342
10/16/21 17:09,2088.2783
10/16/21 17:14,2151.5366
10/16/21 17:19,2170.2185
10/16/21 17:24,2128.0237
10/16/21 17:29,2085.183
10/16/21 17:34,2048.636
10/16/21 17:39,2010.4111
10/16/21 17:44,2090.9485
10/16/21 17:49,2192.179
10/16/21 17:54,2203.2954
10/16/21 17:59,2165.2915
10/16/21 18:04,2137.2163
10/16/21 18:09,2107.9387
10/16/21 18:14,2116.775
10/16/21 18:19,2138.654
10/16/21 18:24,2124.3752
10/16/21 18:29,2085.9287
10/16/21 18:34,2048.9744
10/16/21 18:39,2010.5583
10/16/21 18:44,1974.7367
10/16/21 18:49,1987.2047
10/16/21 18:54,2029.1052
10/16/21 18:59,1991.1676
10/16/21 19:04,1957.6686
10/16/21 19:09,1926.7719
10/16/21 19:14,1925.8938
10/16/21 19:19,1981.3049
10/16/21 19:24,1953.2786
10/16/21 19:29,1922.1846
10/16/21 19:34,1890.6938
10/16/21 19:39,1871.3424
10/16/21 19:44,1931.9597
10/16/21 19:49,1983.4811
10/16/21 19:54,1960.5118
10/16/21 19:59,1924.4644
10/16/21 20:04,1891.4105
10/16/21 20:09,1873.1163
10/16/21 20:14,1923.18
10/16/21 20:19,1949.9307
10/16/21 20:24,1925.0314
10/16/21 20:29,1901.8826
10/16/21 20:34,1879.2815
10/16/21 20:39,1889.3411
10/16/21 20:44,1941.0923
10/16/21 20:49,2001.0331
10/16/21 20:54,2000.423
10/16/21 20:59,1994.798
10/16/21 21:04,1987.893
10/16/21 21:09,1981.9746
10/16/21 21:14,2031.5486
10/16/21 21:19,2073.6772
10/16/21 21:24,2037.927
10/16/21 21:29,2001.506
10/16/21 21:34,1979.8885
10/16/21 21:39,1990.1934
10/16/21 21:44,2004.5956
10/16/21 21:49,2012.1621
10/16/21 21:54,2029.8479
10/16/21 21:59,2091.84
10/16/21 22:04,2147.6104
10/16/21 22:09,2178.7163
10/16/21 22:14,2169.713
10/16/21 22:19,2160.1907
10/16/21 22:24,2156.231
10/16/21 22:29,2171.3696
10/16/21 22:34,2189.653
10/16/21 22:39,2202.0015
10/16/21 22:44,2208.0125
10/16/21 22:49,2186.1318
10/16/21 22:54,2143.741
10/16/21 22:59,2102.226
10/16/21 23:04,2065.471
10/16/21 23:09,2041.9916
10/16/21 23:14,2105.9565
10/16/21 23:19,2163.373
10/16/21 23:24,2154.555
10/16/21 23:29,2130.722
10/16/21 23:34,2106.1929
10/16/21 23:39,2092.724
10/16/21 23:44,2083.8757
10/16/21 23:49,2082.329
10/16/21 23:54,2080.8835
10/16/21 23:59,2087.4878
